event_id,event_name,date,year,country,state,city
1988,BHL 1 2024,January 28,2024,United States,Massachusetts,Boston
1981,Gold Coast Classic: Sidesword 2024,January 20,2024,Australia,Queensland,Gold Coast
1990,V Torneo Ciudad de Coruña de Esgrima Historica 2024,January 20,2024,Spain,-,A Coruña
1986,Unicorn Cup 2024,January 20,2024,United States,Pennsylvania,Pittsburgh
1983,Helsinki Longsword Open 2024,January 19,2024,Finland,-,Helsinki
1980,Žilinský Pun(k)c 2024,January 13,2024,Slovakia,-,Žilina
1976,HEMA Riga Singlestick Open 2023,December 16,2023,Latvia,-,Riga
1974,Baja Regional 2023,December 9,2023,Mexico,-,Tijuana
1971,Basilisk Cup 2023,December 9,2023,Poland,-,Warsaw
1967,Boston Hema League December 2023,December 3,2023,United States,Massachusetts,Boston
1982,Torneio Nacional de Esgrima Histórica 2023,December 3,2023,Brazil,Rio de Janeiro,Rio de Janeiro
1972,Sonata di Spada 2023,December 2,2023,Germany,-,Ulm
1969,Swordplay Serbia 2023,December 2,2023,Serbia,-,Belgrade
1973,Winter Ring 2023,December 2,2023,United States,Florida,Sarasota
1965,AMCF/HEMAA Collaborative Tournament 2023,December 2,2023,United States,Missouri,Kansas City
1968,Drabant Cup 2023,December 2,2023,Sweden,-,Lund
1977,The Duelling Arts - Winter Tournament 2023,December 1,2023,Canada,British Columbia,Vancouver
1962,Coornhert Sidesword Gathering 2023,November 25,2023,Netherlands,-,Gouda
1955,Wessex League 2023: Swindon Chapter,November 25,2023,United Kingdom,-,Swindon
1948,Pardubicky Mec 2023,November 25,2023,Czech Republic,-,Pardubice
1943,Onion Cup II 2023,November 19,2023,United States,California,Santa Rosa
1953,Boston HEMA League November 2023,November 19,2023,United States,Massachusetts,Boston
1957,Frost on the Blade 2023,November 18,2023,Canada,-,Barrie
1945,Rise of the Goose 2023,November 18,2023,Canada,Alberta,Edmonton
1946,EHMS Open 2023,November 18,2023,Finland,-,Helsinki
1944,Blue Box Open 2023,November 18,2023,United States,Ohio,Columbus
1975,Valkyrie Cup 3 2023,November 17,2023,Poland,-,Wroclaw
1964,HEMA Open Getxo 2023,November 11,2023,Spain,-,Bilbao
1936,Berlin Duelling Day 2023,November 11,2023,Germany,-,Berlin
1939,Goats of War 2023,November 11,2023,Belgium,-,Fallais
1937,Central Asia HEMA Cup 2023,November 11,2023,Kazakhstan,-,Almaty
1925,Kolaudacka nové haly 2023,November 5,2023,Czech Republic,-,Brno
1960,Zizkovske kolo 2023,November 5,2023,Czech Republic,-,Prague
1954,AFO Tournament of Defense 2023,November 4,2023,United States,Texas,Bellville
1927,The Wrathful Peasants' Super Serious Tournament 2023,November 4,2023,Ireland,-,Feakle
1926,Sofia CrossSwords 2023,November 4,2023,Bulgaria,-,-
1924,Krkavcí podzimní fechtík 2023,October 28,2023,Czech Republic,-,Prague
1987,SLMS 2023,October 28,2023,Austria,-,Salzburg
1978,Fright Fight 2023,October 27,2023,United States,Arizona,Phoenix
1958,Krump Pow 2023,October 27,2023,United States,Wisconsin,Appleton
1930,World Broadsword Cup 2023,October 27,2023,Australia,South Australia,Adelaide
1934,Octoberhau 2023,October 21,2023,United States,California,Carlsbad
1919,Wessex League 2023: Taunton Chapter,October 21,2023,United Kingdom,-,Taunton
1923,Duel For The Jewel 2023,October 21,2023,United States,Ohio,Bellbrook
1914,Tyrnhaw 2023,October 21,2023,Slovakia,-,Trnava
1932,OktoberFecht 2023,October 21,2023,Australia,Victoria,Melbourne
1970,Torneio Flor de Aço 2023,October 21,2023,Brazil,-,Salvador
1909,Boston Hema League October 2023,October 15,2023,United States,Massachusetts,Boston
1910,Four Openings Rapier Tournament 2023,October 14,2023,United States,Michigan,Lansing
1959,Swiss Bears Cup 2023,October 7,2023,Switzerland,-,Bern
1903,Swordmasters Cup 2023,October 7,2023,Poland,-,Wroclaw
1906,Budapest Blade Brawl 2023,October 7,2023,Hungary,-,Budapest
1921,Danmarksmesterskaber HEMA 2023,October 7,2023,Denmark,-,Odense
1898,Steve Hodgson Memorial Tournament 2023,September 30,2023,New Zealand,-,Auckland
1912,I.Lake Hema 2023,September 30,2023,Italy,-,Como
1941,The Duelling Arts - Fall Tournament 2023,September 29,2023,Canada,British Columbia,Vancouver
1920,Torneio Estadual de Sabre Militar Histórico – Copa Ignis Etapa Sabre 2023,September 24,2023,Brazil,-,Curitiba
1907,Iron Gate Exhibition 2023,September 22,2023,United States,New Hampshire,Fremont
1917,Swordplay Australia 2023,September 22,2023,Australia,Queensland,Brisbane
1891,Wessex League: Winnersh,September 16,2023,United Kingdom,-,Winnersh
1895,Blades of Glory King's Cup,September 16,2023,Canada,Ontario,Peterborough
1908,Dragoon Sabre 2023,September 16,2023,Czech Republic,-,Pardubice
1888,HEMA Union Open Saber 2023,September 10,2023,Taiwan,-,New Taipei City
1894,Blademasters Cup 2023,September 9,2023,Ireland,-,Cork
1911,Flügelschlag Oßweil 2023,September 9,2023,Germany,-,Ludwigsburg Oßweil
1963,Mistrovstvi sermu nozem 2023,September 9,2023,Czech Republic,-,Prague
1979,Swordsquatch 2023,September 8,2023,United States,Washington,Seattle
1889,Oslo Penguin Cup 2023,September 2,2023,Norway,-,Oslo
1897,Bellum Vitudurum 2023,August 26,2023,Switzerland,-,Winterthur
1892,Steel Jam II Summer Bash 2023,August 26,2023,United States,Florida,Winter Park
1913,Hanseschlag Hamburg 2023,August 26,2023,Germany,-,Hamburg
1878,The Teutonic Fecht 2023,August 26,2023,Romania,-,Hârman
1928,Donnybrook 2023,August 18,2023,United States,Missouri,Kansas City
1867,Bothnia Open 2023,August 12,2023,Finland,-,Pietarsaari
1874,Ciudad de los Reyes 2023,August 5,2023,Peru,Lima,Lima
1915,Hemageddon 2023,August 5,2023,United States,Ohio,Columbus
1940,Torneio Estadual – Copa Ignis 2023 - Longsword,July 23,2023,Brazil,-,Curitiba
1871,IV Open Nacional Princesa Kristina,July 23,2023,Spain,-,Burgos
1850,Bratislava Fecht 5,July 22,2023,Slovakia,-,Bratislava
1857,MidSummer FightNight 2023,July 22,2023,Romania,-,Bucharest
1875,Woody and David Host a Rapier Comp 2023,July 22,2023,Australia,Victoria,Melbourne
1904,Musketeer Challenge 2023,July 22,2023,United States,Ohio,Columbus
1879,A Midsummer Fight's Dream 2023,July 22,2023,United Kingdom,-,Oxford
1864,Combat Con 2023,July 20,2023,United States,Nevada,Las Vegas
1856,4. Freifechttag 2023,July 15,2023,Germany,-,Dresden
1886,Queens Gambit 2023,July 14,2023,United States,North Carolina,Charlotte
1938,2. Dresdner HEMA-Cup 2023,July 8,2023,Germany,-,Dresden
1842,Revolution Rumble 2023,July 1,2023,United States,Pennsylvania,Philadelphia
1847,Steel & Chill II. 2023,July 1,2023,Croatia,-,Svetvincenat
1883,Swedish Championships 2023,June 30,2023,Sweden,-,Umeå
1952,The Duelling Arts - Summer Tournament 2023,June 30,2023,Canada,British Columbia,Vancouver
1885,Clash of Steel 2023,June 25,2023,Taiwan,-,New Taipei City
1834,War in the West 2023,June 25,2023,Australia,West Australia,Perth
1882,North Gold Coast Classic 2023,June 25,2023,Australia,Queensland,Brisbane
1854,Black Horns Cup 2023,June 23,2023,Poland,-,Kórnik near Poznan
1835,Saarländische Fechtschul 2023,June 18,2023,Germany,-,Püttlingen
1851,ŠaTeM 2023,June 17,2023,Czech Republic,-,Praha
1884,5 Torneo de Redondela,June 17,2023,Spain,-,Redondela
1870,Duel Against the Darkness,June 17,2023,United States,Ohio,Strongsville
1922,Anvil 2023,June 10,2023,Canada,Alberta,Calgary
1844,HEMAC Hemathlon 2023,June 10,2023,Greece,-,Athens
1841,The Marozzo Cup 2023,June 10,2023,Australia,Victoria,Melbourne
1837,IHFL Longsword Tournament - Dublin 2023,June 10,2023,Ireland,-,Dublin
1861,SERFO 2023,June 9,2023,United States,Georgia,Atlanta
1828,IFG Spring Fling 2023: Tournament of Roses,June 4,2023,United States,Oregon,Portland
1896,Kärntner Landesmeisterschaft 2023,June 4,2023,Austria,-,Friesach
1827,Albion Cup 2023,June 3,2023,United Kingdom,-,Marlow
1820,Holmgang 2023,June 3,2023,Sweden,-,Stockholm
1830,Unicorn Fight Club 2023,June 3,2023,New Zealand,-,Christchurch
1849,HEMA Mistrovství Ceské republiky v šermu dlouhým mecem 2023,June 3,2023,Czech Republic,-,Praha
1832,indes - RAW - KRViSE 2023,May 27,2023,Hungary,-,Budapest
1814,Bratislava En Garde! 2023,May 27,2023,Slovakia,-,Bratislava
1831,Battle Born III 2023,May 27,2023,United States,Nevada,Carson City
1838,Spring Fechten 2023,May 20,2023,United States,Oklahoma,Oklahoma City
1933,Nederlandse HEMA Kampioenschappen 2023: Evenement: 1,May 20,2023,Netherlands,-,Utrecht
1824,Joštuv Pohár 2023,May 20,2023,Czech Republic,-,Brno
1843,AHMA Cub 2023,May 20,2023,Finland,-,Jyväskylä
1813,Brunner Stich 2023,May 13,2023,Czech Republic,-,-
1811,Intermezzo 2023,May 13,2023,Serbia,-,Belgrade
1880,Trofeo Turoqua 2023,May 13,2023,Spain,-,Pontevedra
1853,Iluro Pugnare 2023,May 13,2023,Spain,-,Mataró
1893,Steel Jam I Spring Bash 2023,May 13,2023,United States,Florida,Winter Park
1848,SwordStrong KC 2023,May 6,2023,United States,Missouri,Kansas City
1826,Žilinsky Punk I. 2023,May 6,2023,Slovakia,-,Žilina
1836,IHFL Longsword Tournament - Cork 2023,May 6,2023,Ireland,-,Cork
1845,AG Open 2023,May 5,2023,United States,Michigan,Plymouth
1961,Arnold South America 2023,May 3,2023,Brazil,-,São Paulo
1918,Swordwork Smallsword Tournament,April 26,2023,Australia,Queensland,Brisbane
1839,Aegis Spring Tournament 2023,April 23,2023,United States,Texas,Leander
1881,Sydney Super Series 2023,April 23,2023,Australia,-,Sydney
1873,Wasaslaget 2023,April 22,2023,Sweden,-,Uppsala
1816,Alberio Kalavijas 2023,April 22,2023,Lithuania,-,Vilnius
1833,Wine Country Sword Crush 2023,April 22,2023,United States,California,Santa Rosa
1863,Green Chapel Tourney 2023,April 22,2023,United States,Nebraska,Papillion
1935,Icebreaker Open 2023,April 21,2023,United States,Minnesota,Minneapolis
1869,Ladies Knight 2023,April 15,2023,United States,New Jersey,Southampton
1840,Arsenal Assault of Arms 2023,April 15,2023,United States,Massachusetts,Watertown
1825,Wolf Call II 2023,April 15,2023,United Kingdom,-,North Hykeham
1823,Ostravská Cepel 2023,April 15,2023,Czech Republic,-,Ostrava
1791,Pražský argument 2023,April 15,2023,Czech Republic,-,Prague
1877,2023 HEMA Union Sword&Buckler,April 9,2023,Taiwan,-,New Taipei City
1807,Tournament of Knightly Arts 2023,April 8,2023,United States,Missouri,Jefferson City
1876,Legend of the Lake Open 2023,April 8,2023,United States,Vermont,Burlington
1775,Krkavcí jarní fechtík 2023,April 1,2023,Czech Republic,-,Prague
1951,The Duelling Arts - Spring Tournament 2023,March 31,2023,Canada,British Columbia,Vancouver
1866,South East Arc Fencing Open 2023,March 25,2023,United States,Georgia,Atlanta
1860,Ordál - HEMA Tournament,March 25,2023,Czech Republic,-,Pardubice
1815,Montpellier Hema Tournament 12,March 25,2023,France,-,Montpellier
1810,Ides of March 2023,March 25,2023,Australia,Victoria,Melbourne
1872,X Torneo Cidade de Naron de Esgrima Histórica 2023,March 25,2023,Spain,Galicia,Naron
1800,Hema Peru Open 2023,March 18,2023,Peru,Lima,Lima
1808,Schnegel Fechten 2023,March 18,2023,United States,Texas,Dallas
1805,Ascalon Sword Festival 2023,March 17,2023,United States,Ohio,Columbus
1819,DMCA Friendly Open Longsword Tournament 2023,March 11,2023,United Kingdom,-,Durham
1790,Žilinský Kumšt VI,March 11,2023,Slovakia,-,Žilina
1802,Keppinautur 2023,March 11,2023,Iceland,-,Reykjavík
1798,Fosse Aux Lions 2023,March 11,2023,France,-,Lyon
1890,Battle in the Valley,March 11,2023,United States,Vermont,Northfield
1829,FechtBerg Poker Cup 2023,February 26,2023,Poland,-,Bielsko-Biala
1786,vorschlag RAW - KRViSE 2023,February 25,2023,Hungary,-,Budapest
1821,Symphony of Steel 2023,February 25,2023,Germany,-,Ulm
1817,Glasgow HEMA Open 2023,February 25,2023,United Kingdom,-,Glasgow
1797,SoCal Swordfight 2023,February 17,2023,United States,California,Los Angeles
1783,Rotycí Spár 2023,February 11,2023,Czech Republic,-,Prague
1784,Midwinter Armizare Open 2023,January 29,2023,United States,Illinois,Chicago
1787,WEIRD Open 2023,January 27,2023,United States,Texas,Austin
1794,Helsinki Longsword Open 2023,January 27,2023,Finland,-,Helsinki
1793,CapoFiore Comp 2023,January 27,2023,Australia,Victoria,Melbourne
1806,Looking Sharpe 2023,January 21,2023,United States,Ohio,Columbus
1859,IV Torneo Ciudad de Coruña de Esgrima Histórica 2023,January 14,2023,Spain,-,A Coruña
1865,Kings Cup 2023,January 13,2023,United States,Maryland,Lockport
1852,Grand Challenge de Sabre 2022,December 17,2022,France,-,Paris
1796,Vánocní šermírský prátelák 2022,December 10,2022,Czech Republic,-,Rožnov pod Radhoštem
1788,Koliada 2022,December 10,2022,Poland,-,Katy Wroclawskie
1846,King of the Green Mountain 2022,December 10,2022,United States,Vermont,Northfield
1887,Chlausturnier Saber 2022,December 10,2022,Switzerland,-,Winterthur
1789,Wessex League: London 2022,December 10,2022,United Kingdom,-,London
1905,Bloody Belgian Waffles I. 2022,December 10,2022,Belgium,-,Ghent
1785,As You Wish 2022,December 10,2022,United States,Ohio,Columbus
1804,HVN Singlestick Charity Tournament 2022,December 6,2022,Netherlands,-,Oegstgeest
1818,Cakefecht 2022,December 3,2022,United States,Massachusetts,Watertown
1950,The Duelling Arts - Winter Tournament 2022,December 2,2022,Canada,British Columbia,Vancouver
1822,Copa Ignis 2022,November 27,2022,Brazil,-,Parana
1772,Pardubický mec 2022,November 26,2022,Czech Republic,-,Pardubice
1795,Swordplay Serbia 2022,November 25,2022,Serbia,-,Belgrade
1778,Blue Box Open 2022,November 20,2022,United States,Ohio,Columbus
1777,Frauschlag: HEMA FEDER Women Tournament 2022,November 19,2022,Poland,-,Zgierz
1855,Umeå Open 2022,November 19,2022,Sweden,-,Umeå
1782,TURNIEJ HEMA - KORD I PUKLERZ 2022,November 12,2022,Poland,-,Warsaw
1801,Nederlandse HEMA Kampioenschappen 2022: Evenement: 3,November 12,2022,Netherlands,-,Breda
1809,Dresdner Fechtschul 2022,November 12,2022,Germany,-,Dresden
1757,Krkavcí podzimní fechtík 2022,November 5,2022,Czech Republic,-,Prague
1776,AFO Tournament of Defense 2022,November 5,2022,United States,Texas,Bellevile
1803,Mid Continental HEMA Open 2022,November 4,2022,United States,Colorado,Denver
1756,Spooky Scary Messer Showdown,October 30,2022,Canada,British Columbia,Vancouver
1750,Sofia CrossSwords 2022,October 29,2022,Bulgaria,-,Sofia
1764,Wessex League 2022: Cardiff,October 29,2022,United Kingdom,-,Cardiff
1792,Gesellen Fechten 2022,October 28,2022,United States,Oklahoma,Oklahoma City
1760,Oktoberfecht 2022,October 22,2022,Australia,Victoria,Melbourne
1771,Valkyrie Cup 2 2022,October 22,2022,Poland,Lower Silesia,Wroclaw
1754,The English Sidesword Open 2022,October 17,2022,United Kingdom,-,London
1765,Wessex League 2022: Southampton,October 15,2022,United Kingdom,-,Southampton
1763,Salt Lake Open 2022,October 14,2022,United States,Utah,Salt Lake City
1947,The Duelling Arts - Fall Tournament 2022,October 14,2022,Canada,British Columbia,Vancouver
1868,Clash of Steel 2022,October 9,2022,Taiwan,-,New Taipei City
1755,Podzimové mecoklání 2 2022,October 9,2022,Czech Republic,-,Praha
1766,Duel for The Jewel 2022,October 8,2022,United States,Ohio,Dayton
1758,Danish National Championship 2022,October 1,2022,Denmark,-,Odense
1740,Oslo Penguin Cup 2022,September 24,2022,Norway,-,Oslo
1862,W3 2022,September 24,2022,Poland,-,Warsaw
1739,MHS Grand Prix 2022,September 24,2022,Hungary,-,Budapest
1743,Dragoon sabre 2022,September 17,2022,Czech Republic,-,Pardubice
1749,Crossroads 2022,September 17,2022,United States,Ohio,Columbus
1762,Swordplay Australia 2022,September 17,2022,Australia,Queensland,Brisbane
1735,Wessex League 2022: Didcot,September 10,2022,United Kingdom,Oxfordshire,Didcot
1732,Battle of Buffalo 2022,September 10,2022,United States,Missouri,Buffalo
1984,Swordsquatch 2022,September 9,2022,United States,Washington,Seattle
1722,Blood on the River 2022,September 3,2022,United States,Pennsylvania,Pittsburgh
1761,FrauFecht 2022,September 3,2022,United States,Nevada,Carson City
1723,Steve Hodgson Memorial Tournament 2022,September 3,2022,New Zealand,Auckland,Auckland
1733,Blademasters Open 2022,September 2,2022,Ireland,-,Cork
1731,Bellum Vitudurum Longsword 2022,August 27,2022,Switzerland,Zürich,Wintherthur
1767,Hemageddon 2022,August 20,2022,United States,Ohio,Columbus
1721,Wine Country Sword Crush 2022,August 13,2022,United States,California,Santa Rosa
1746,Nederlandse HEMA Kampioenschappen 2022: Evenement 2,August 13,2022,Netherlands,-,Gouda
1738,Bothnia Open 2022,August 13,2022,Finland,-,Pietarsaari
1730,A Midsummer Fight's Dream 2022,August 6,2022,United Kingdom,Oxfordshire,Oxford
1949,The Duelling Arts - Summer Tournament 2022,July 29,2022,Canada,British Columbia,Vancouver
1742,Combat Con 2022,July 21,2022,United States,Nevada,Las Vegas
1729,Queen's Gambit 2022,July 15,2022,United States,North Carolina,Charlotte
1768,1. Dresdner HEMA-Cup,July 9,2022,Germany,Saxony,Dresden
1728,Cornhusker State Games 2022,July 8,2022,United States,Nebraska,Bellevue
1744,IV Torneo de Esgrima Histórica Cidade de Pontevedra,July 5,2022,Spain,Galicia,Pontevedra
1737,Swedish Championship 2022,July 2,2022,Sweden,-,Linköping
1916,Anvil 2022,June 25,2022,Canada,Alberta,Calgary
1770,Queen's Court Open 2022,June 18,2022,United States,Ohio,Harveysburg
1718,Gold Coast Classic: Longsword 2022,June 18,2022,Australia,Queensland,Gold Coast
1747,IHFL Longsword Tournament - Dublin 2022,June 18,2022,Ireland,-,Dublin
1741,HEMAC Hemathlon 2022,June 11,2022,Greece,-,Athens
1727,SA HEMA Triathlon 2022,June 11,2022,Australia,South Australia,Adelaide
1858,III Torneo Cidade da Coruña de esgrima historica,June 11,2022,Spain,-,A Coruña
1717,Donnybrook 2022,June 11,2022,United States,Missouri,Kansas City
1719,SERFO 2022,June 10,2022,United States,Georgia,Atlanta
1942,Kings Cup Warmup Saber Tournament & Referee Seminar 2022,June 5,2022,United States,Virginia,Lorton
1720,Unicorn FightClub 2022,June 4,2022,New Zealand,Canterbury,Christchurch
1726,Black Horns Cup 2022,June 4,2022,Poland,Wielkopolska,Poznan
1769,Kärntner Landesmeisterschaft 2022,May 29,2022,Austria,Kärnten,Velden
1725,KR SpringTournament 2022,May 28,2022,Hungary,-,Budapest
1724,Bayou Fecht 2022,May 28,2022,United States,Louisiana,Gonzales
1736,Battle Born II,May 27,2022,United States,Nevada,Carson City
1714,Helsinki Longsword Open 2022,May 20,2022,Finland,-,Helsinki
1706,Mistrovství CR v šermu dlouhým mecem,May 15,2022,Czech Republic,-,Pardubice
1711,IHFL Longsword Tournament - Cork 2022,May 7,2022,Ireland,-,Cork
1712,Scherma Medievale nella Città Ideale 2022,May 7,2022,Italy,Marche,Urbino
1709,Nederlandse HEMA Kampioenschappen 2022: Evenement 1,May 7,2022,Netherlands,-,Zwolle
1713,The Winter’s Flail 2022,May 7,2022,United Kingdom,-,Southampton
1705,Vasaslaget 2022,May 7,2022,Sweden,-,Uppsala
1751,Basilisk Challenge Basel 2022,April 30,2022,Switzerland,-,Basel
1704,Pražský argument 2022,April 30,2022,Czech Republic,-,Prague
1799,Icebreaker Open 2022,April 29,2022,United States,Minnesota,Bloomington
1716,Sydney Super Series 2022,April 24,2022,Australia,New South Wales,Sydney
1708,AG Open 2022,April 23,2022,United States,Michigan,Plymouth
1707,Green Chapel Tourney 2022,April 23,2022,United States,Nebraska,Omaha
1715,Swamp Jam - Spring Fling 2022,April 16,2022,United States,Florida,Winter Garden
1748,By The Sword 2022,April 10,2022,United Kingdom,-,Guildford
1694,Wolf Call 2022,April 9,2022,United Kingdom,-,Lincoln
1701,April Fools 2022,April 9,2022,Italy,-,Torino
1689,Krkavcí jarní fechtík 2022,April 3,2022,Czech Republic,-,Prague
1693,Tournament of Knightly Arts 2022,April 2,2022,United States,Missouri,Jefferson City
1702,Iluro Pugnare 2022,March 26,2022,Spain,Catalunya,Mataró
1697,FechtBerg 2022,March 19,2022,Poland,Wojewodztwo Slaskie,Bielsko-Biala
1674,Žilinský Kumšt V,March 12,2022,Slovakia,-,Žilina
1695,Midwinter Armizare Open 2022,March 12,2022,United States,Illionois,Chicago
1684,Schnegel Fechten 2022,March 12,2022,United States,Texas,Irving
1696,Ascalon Sword Festival 2022,March 10,2022,United States,Ohio,Columbus
1703,The Ides of March 2022,March 5,2022,Australia,Victoria,Melbourne
1680,Rotycí Spár 2022,February 27,2022,Czech Republic,-,Prague
1682,Symphony of Steel 2022,February 26,2022,Germany,-,Ulm
1683,Valkyrie Cup 2022,February 26,2022,Poland,Dolnoslaskie,Wroclaw
1699,Glasgow HEMA Open 2022,February 26,2022,United Kingdom,-,Glasgow
1679,Purpleheart Open 2022,February 25,2022,United States,Texas,Houston
1672,Crossroads: Womens Longsword 2022,February 19,2022,United States,Ohio,Columbus
1677,IX Torneo de Esgrima Histórica Cidade de Narón,February 19,2022,Spain,Galicia,Narón
1678,KR Winter Tournament 2022,February 19,2022,Hungary,-,Budapest
1681,SoCal Swordfight 2022,February 18,2022,United States,California,Long Beach
1687,"Rebel Fencing League: Rapier and Dagger edition, Wroclaw 2022",January 29,2022,Poland,-,Wroclaw
1669,Duel Season: Winter 2022,January 29,2022,Ukraine,-,Kyiv
1698,Just a Little WEIRD 2022,January 22,2022,United States,Texas,Austin
1700,Onion Cup Classic 2022,January 16,2022,United States,California,Santa Rosa
1647,Vinterschlag 2021,December 11,2021,Poland,-,Lódz
1642,The Black Carpet,December 11,2021,Italy,-,Vercelli
1632,Pardubicky Mec 2021,December 4,2021,Czech Republic,-,Pardubice
1643,Black Steel 2021,December 4,2021,Ukraine,-,Dnipro
1629,Wessex League 2021,December 4,2021,United Kingdom,-,Oxford
1644,Intermeco,December 4,2021,Serbia,-,Belgrade
1667,4 Torneo Esgrima Histórica de Redondela,December 4,2021,Spain,Galicia,Redondela
1671,Blue Box Open 2021,November 20,2021,United States,Ohio,Columbus
1640,Podzimové mecoklání 2021,November 20,2021,Czech Republic,-,Prague
1666,Espada de Maestro 2021,November 14,2021,Ukraine,-,Kharkiv
1691,Keppinautur 2021,November 13,2021,Iceland,-,Reykjavík
1710,2nd Annual Tournament of Defense,November 6,2021,United States,Texas,Bellville
1662,The Hastilude at Dragonfest 2021,October 31,2021,United States,Missouri,Springfield
1663,Krkavcí podzimní fechtík 2021,October 30,2021,Czech Republic,-,Prague
1745,Salzburger Landesmeisterschaft 2021,October 30,2021,Austria,Salzburg,Salzburg
1759,Danish National Championship 2021,October 23,2021,Denmark,-,Odense
1692,Kostky jsou vrženy 2021,October 23,2021,Czech Republic,-,Plzen
1690,Wild Boar Tusk,October 23,2021,Poland,-,Kielce
1673,Crossroads: Saber 2021,October 23,2021,United States,Ohio,Columbus
1661,Gesellen Fechten 2021,October 15,2021,United States,Oklahoma,Moore
1664,QuadroHEMiA 6.5: Prelude to the Call Invitational,October 10,2021,United Kingdom,-,Lincoln
1660,Clash of Steel 2021,October 2,2021,Taiwan,-,New Taipei City
1626,Swiss Bears Cup 2021,October 2,2021,Switzerland,-,Schönbühl
1650,Five Rings Classical Fencing Open 2021,September 28,2021,United States,Missouri,Kansas City
1652,Pre-SHO 2021,September 26,2021,United States,Arizona,Tucson
1653,Swordplay Australia 2021,September 26,2021,Australia,Queensland,Brisbane
1651,Nederlandse HEMA Kampioenschappen 2021,September 26,2021,Netherlands,-,Breda
1668,MHS Grand Prix 2021,September 25,2021,Hungary,-,Budapest
1648,Austrian Rapier Championships 2021,September 19,2021,Austria,Vienna,Viena
1649,Battle of Buffalo 2021,September 11,2021,United States,Missouri,Buffalo
1676,Torneio Nacional HEMA Brasil 2021,September 5,2021,Brazil,Paraná,Curitiba
1654,Tremonia Fechtschule 2021,September 5,2021,Germany,North Rhine-Westphalia,Dortmund
1659,Steel City Open 2021,September 3,2021,United States,Pennsylvania,Pittsburgh
1646,Bellum Vitudurum 2021,August 28,2021,Switzerland,Zürich,Winterthur
1670,Pennsylvania HEMA Open,August 14,2021,United States,Pennsylvania,Harrisburg
1645,Bear's Challenge 2021,August 7,2021,Ireland,-,Wexford
1638,Žilinský Kumšt IV.,July 24,2021,Slovakia,-,Žilina
1635,Combat Con 2021,July 22,2021,United States,Nevada,Las Vegas
1637,Winter Open 2021,July 11,2021,Australia,Victoria,Melbourne
1636,Visegrádi Viadalok,July 10,2021,Hungary,-,Visegrád
1655,Cornhusker State Games 2021,July 10,2021,United States,Nebraska,Bellevue
1631,Donnybrook 2021,June 26,2021,United States,Missouri,Kansas City
1685,Battle Born I,June 26,2021,United States,Nevada,Sparks
1630,Black Horns Cup 2021,June 26,2021,Poland,-,Poznan
1658,Crossroads: Longsword 2021,June 19,2021,United States,Ohio,Columbus
1633,Unicorn Fight Club 2021,June 5,2021,New Zealand,Canterbury,Oxford
1657,April Fools 2021,May 29,2021,Italy,-,Torino
1621,Green Chapel Tourney 2021,May 1,2021,United States,Nebraska,Papillion
1688,Spring HEMA Female Tournament: 2021,March 28,2021,Ukraine,-,Kyiv
1641,The Ides of March 2021,March 14,2021,Australia,Victoria,Melbourne
1625,Capoferro Comp 2021,February 21,2021,Australia,Victoria,Melbourne
1624,Duel Season: Winter 2021,January 30,2021,Ukraine,-,Kyiv
1616,Pardubice Swordplay 2020,December 5,2020,Czech Republic,-,Pardubice
1656,Italian Sidesword Open 2020,October 11,2020,Italy,-,Desenzano del Garda
1622,Kard Rendje bajnokság 2020,October 11,2020,Hungary,-,Budapest
1752,Danish National Championship 2020,October 3,2020,Denmark,-,Odense
1617,Swiss Bears Cup 2020,October 3,2020,Switzerland,Bern,Schönbühl
1620,Montpellier Hema Tournament 11,September 19,2020,France,-,Montpellier
1615,Tremonia Fechtschule 2020,September 4,2020,Germany,North Rhine-Westphalia,Dortmund
1592,Žilinský Kumšt III,July 25,2020,Slovakia,-,Žilina
1598,Cornhusker State Games 2020,July 11,2020,United States,Nebraska,Bellevue
1599,Meyer Open 2020,July 4,2020,China,Shanghai,Shanghai
1639,The Ides of March 2020,March 15,2020,Australia,Victoria,Melbourne
1600,Beware The Ides of March Melee Madness 2020,March 15,2020,Afghanistan,-,Kabul
1623,Dürerturnier 2020,March 7,2020,Germany,Bavaria,Nuremberg
1618,Durchschlag 2020,March 7,2020,Poland,-,Lódz
1594,Vasaslaget 2020,March 7,2020,Sweden,-,Uppsala
1595,Arnold Fencing Classic 2020,March 6,2020,United States,Ohio,Columbus
1607,Siberian Cup 2020,February 22,2020,Russia,-,Novosibirsk
1590,Symphony of Steel 2020,February 22,2020,Germany,Baden-Württemberg,Ulm
1587,Cold Cuts 2020,February 15,2020,Sweden,-,Gothenburg
1588,The English Sidesword Open 2020,February 15,2020,United Kingdom,-,London
1604,SoCal Swordfight 2020,February 14,2020,United States,California,Los Angeles
1597,3º Torneo Vila de Redondela 2020,February 8,2020,Spain,Galicia,Redondela
1589,HEMA Turnaj Digladioru 2020,February 8,2020,Czech Republic,-,Prague
1586,Summer Sword Clash 2020,February 1,2020,Australia,South Australia,Adelaide
1605,XXI Torneo Arti Marziali Storiche Italiane - Qualificazioni Nord,February 1,2020,Italy,-,Udine
1606,Blade Master 2020,January 31,2020,Russia,-,Ekaterinburg
1581,Helsinki Longsword Open 2020,January 31,2020,Finland,-,Helsinki
1582,Midwinter Armizare Open 2020,January 25,2020,United States,Illinois,Chicago
1583,The Winter’s Flail 2020,January 25,2020,United Kingdom,-,Southampton
1610,Blizzard Brawl 2020,January 25,2020,Canada,Alberta,Calgary
1584,WEIRD Open 2020,January 24,2020,United States,Texas,Austin
1627,Washington DC HEMA OPEN 2020,January 19,2020,United States,-,Washington D.C.
1580,2020 Capitol Clash HEMA Open Warmup #4,January 12,2020,United States,DC,Washington
1579,2020 Capitol Clash HEMA Open Warmup #3,January 11,2020,United States,DC,Washington
1609,MCHO Beta 3 Longsword,January 11,2020,United States,Colorado,Denver
1608,VI Tyumen Open Christmas Tournament,January 5,2020,Russia,-,Tyumen
1578,2020 Capitol Clash HEMA Open Warmup #2,January 4,2020,United States,DC,Washington
1570,Ciudad de los Reyes 2019,December 29,2019,Peru,Lima,Lima
1568,The Call of Zephyr 2019,December 21,2019,China,GuangDong,GuangZhou
1603,Plzen HAU 2019,December 21,2019,Czech Republic,-,Plzen
1577,The Black Carpet 2019,December 14,2019,Italy,-,Vercelli
1574,Glasgow HEMA Open 2019,December 8,2019,United Kingdom,-,Glasgow
1573,Wessex League 2019: Cambridge Chapter,December 7,2019,United Kingdom,-,Cambridge
1602,HVN Singlestick Charity Tournament 2019,December 7,2019,Netherlands,-,Oegstgeest
1571,IV Mistrzostwa Polski,December 6,2019,Poland,-,Twardogora
1576,Swordplay Serbia 2019,December 6,2019,Serbia,-,Belgrade
1572,Segundo Torneo de Esgrima Historica de Santurtzi,December 1,2019,Spain,-,Santurtzi
1567,Baja Regional 2019,December 1,2019,Mexico,Baja California,Ensenada
1569,A Christmas Competition 2019,December 1,2019,Australia,Victoria,Melbourne
1566,Tasmanian Swordplay Symposium 2019,December 1,2019,Australia,Tasmania,Hobart
1565,Pardubický mec 2019 HEMA Tournament,November 30,2019,Czech Republic,-,Pardubice
1546,Open Championship of Ural Federal District 2019,November 24,2019,Russia,-,Chelyabinsk
1601,Ascent Sabre Tournament 2019,November 23,2019,Russia,Saint Petersburg,Saint Petersburg
1562,2020 Capitol Clash HEMA Open Warmup #1,November 23,2019,United States,DC,Washington
1564,Turniej Fechtunku Historycznego HFC,November 23,2019,Poland,-,Kielce
1593,Nederlandse HEMA Kampioenschappen 2019: Evenement 4,November 16,2019,Netherlands,Zuid-Holland,Rotterdam
1560,II Torneio de Esgrima Histórica Thomar,November 16,2019,Portugal,Santarém,Tomar
1585,LangHEMA 2019,November 16,2019,Italy,-,Alba
1556,X. Budapesti MHS Torna,November 16,2019,Hungary,-,Budapest
1561,Blue Box Open 2019,November 16,2019,United States,Ohio,Columbus
1591,SERFO 2019,November 10,2019,United States,Georgia,Atlanta
1558,Sydney Super Series 2019,November 10,2019,Australia,New South Wales,Sydney
1554,Wessex League 2019: Oxford Chapter,November 9,2019,United Kingdom,-,Oxford
1547,Open Golden Forests Tournament Fall 2019,November 9,2019,Russia,-,Moscow
1559,Johann Georg Pascha Turnier 2019,November 3,2019,Germany,-,Leipzig
1555,Tempest 2019,November 3,2019,Ireland,-,Feakle
1557,The Might 2019,November 2,2019,France,-,Marseille
1619,Swordfish 2019,November 1,2019,Sweden,-,Gothenburg
1553,KatzenKampf Octoberfecht 2019,October 29,2019,Russia,-,Saint Petersburg
1548,Black Sea Cup 2019,October 27,2019,Russia,-,Sochi
1533,New Amsterdam HEMA Open 2019,October 26,2019,United States,New York,New York City
1550,6. Herkules HEMA Turnier Kassel,October 26,2019,Germany,Hessen,Kassel
1575,Salzburger Landesmeisterschaft 2019,October 26,2019,Austria,-,Salzburg
1539,Torneio Nacional de Espada Longa 2019,October 20,2019,Brazil,São Paulo,São Paulo
1532,Gesellen Fechten 2019,October 19,2019,United States,Oklahoma,Oklahoma City
1540,Tyrnhaw 2019,October 19,2019,Slovakia,-,Trnava
1536,Swiss Gathering 2019,October 18,2019,Switzerland,Bern,Schönbühl
1534,Oktoberfecht 2019,October 13,2019,Australia,Victoria,Melbourne
1549,Autumn Ural Cup 2019,October 12,2019,Russia,-,Ekaterinburg
1541,Wessex League 2019: London Chapter,October 12,2019,United Kingdom,-,London
1542,World Broadsword Championship 2019,October 5,2019,Australia,South Australia,Adelaide
1753,Danish National Championship 2019,October 5,2019,Denmark,-,Odense
1535,Swedish Championships 2019,October 4,2019,Sweden,-,Gävle
1537,The Plough Tournament 1st,October 2,2019,China,GuangDong,GuangZhou
1538,Third National Historical Martial Arts Tournament,October 2,2019,China,Shanghai,Shanghai
1525,W3 2019,September 29,2019,Poland,Mazovia,Warsaw
1531,The Horned Crown 2019,September 28,2019,Ireland,-,Wexford
1511,9. Dresdner Fechtschul 2019,September 28,2019,Germany,-,Dresden
1510,Clash of Steel 2019,September 28,2019,Taiwan,-,New Taipei City
1545,Ufa Duel Fencing Tournament,September 28,2019,Russia,-,Ufa
1513,Five Rings Classical Fencing Open 2019,September 28,2019,United States,Missouri,Kansas City
1523,Iron Gate Exhibition 2019,September 27,2019,United States,Massachusetts,Danvers
1512,Duels at High Noon 2019,September 22,2019,United States,Arizona,Tucson
1526,Tremonia Fechtschule 2019,September 20,2019,Germany,North Rhine-Westphalia,Dortmund
1518,Battle of the Bridge 2019,September 13,2019,Sweden,-,Örebro
1517,Wessex League 2019: Exeter Chapter,September 7,2019,United Kingdom,-,Exeter
1509,The Battle of Buffalo 2019,September 7,2019,United States,Missouri,Buffalo
1515,Flügelschlag Stuttgart 2019,September 7,2019,Germany,Baden Württemberg,Stuttgart
1516,Military Sabre Tournament 2019,September 7,2019,Ireland,-,Cork
1508,Steel City Open 2019,August 31,2019,United States,Pennsylvania,Pittsburgh
1552,Broken Point 2019,August 28,2019,United States,Pennsylvania,Pittsburgh
1524,Dutch Lions Cup 2019,August 24,2019,Netherlands,-,Utrecht
1544,Purpleheart Open 2019,August 23,2019,United States,Texas,Houston
1506,III Debreceni MHS Torna,August 17,2019,Hungary,Hajdú-Bihar,Debrecen
1628,Hojas de Plata 2019,August 17,2019,Argentina,Buenos Aires,La Plata
1596,FightCamp 2019,August 16,2019,United Kingdom,-,Coventry
1528,Battle Royale 2019,August 11,2019,United States,Ohio,Columbus
1563,Winter Open 2019,August 11,2019,Australia,Victoria,Melbourne
1507,Points North 2019,August 3,2019,Canada,Ontario,Ottawa
1530,Glengarry Highland Games 2019 Single-Stick Competition,August 2,2019,Canada,Ontario,Maxville
1529,CombatCon 2019,August 1,2019,United States,Nevada,Las Vegas
1493,Cornhusker State Games - HEMA 2019,July 27,2019,United States,Nebraska,Omaha
1492,Albion cup 2019,July 27,2019,United Kingdom,-,Marlow
1504,Fairfax Mini Renaissance Faire 2019,July 27,2019,United States,Vermont,Fairfax
1498,I Torneo Princesa Kristina de Noruega,July 27,2019,Spain,-,Burgos
1500,Sword Fight V,July 27,2019,Australia,Queensland,Gold Coast
1499,QuadroHEMiA 6: Wolfshead X,July 21,2019,United Kingdom,-,Lincoln
1502,Flower of Battle 2019,July 19,2019,United States,Pennsylvania,Wyomissing
1503,Visegrád HEMA tournament,July 13,2019,Hungary,-,Visegrád
1495,Mid-Continental HEMA Open 2019,July 12,2019,United States,Colorado,Denver
1501,Eleonora 2019,July 6,2019,Russia,-,Krasnodar
1496,Nederlandse HEMA Kampioenschappen 2019: Evenement 3,July 6,2019,Netherlands,Noord-Brabant,Breda
1497,Great Fight North 2019,July 6,2019,Canada,Ontario,Welland
1494,Nordschlag 2019,July 6,2019,Canada,-,Edmonton
1475,Ars Gladii 20th Anniversary Invitational,June 29,2019,United States,Michigan,Livonia
1477,Broadwater Bucklerthon 2019,June 29,2019,United Kingdom,-,Godalming
1482,Queen's Court Open 2019,June 22,2019,United States,Ohio,Cincinnati
1480,European Games Invitational Gala Tournament 2019,June 22,2019,Belarus,-,Minsk
1488,Fecht Yeah 2019,June 16,2019,United States,New York,Dobbs Ferry
1476,Black Horns Cup 2019,June 15,2019,Poland,-,Poznan
1474,A Midsummer Fight's Dream 2019,June 15,2019,United Kingdom,-,Oxford
1478,II Torneo 100Tolos HEMA de Coruña,June 8,2019,Spain,Galicia,Coruña
1611,Anvil 2019,June 8,2019,Canada,Alberta,Calgary
1527,HEMAC Hemathlon 2019,June 7,2019,Greece,-,Athens
1483,Springfield Historical Fencing Guild 1st Annual HEMA Tournament,June 2,2019,United States,Missouri,Springfield
1484,Summer Swordfest 2019,June 2,2019,United States,Missouri,Kansas City
1479,MCHO Beta Tourney 2,June 1,2019,United States,Colorado,Denver
1481,Oslo Penguin Cup 2019,June 1,2019,Norway,-,Oslo
1485,Treffen Historischer Fechter Deutschlands 2019,June 1,2019,Germany,North Rhine-Westphalia,Borchen
1461,Autumn Open 2019,May 26,2019,Australia,Victoria,Melbourne
1489,Primavera VII,May 25,2019,Russia,-,Saint Petersburg
1634,Baton Rouge Open 2019,May 25,2019,United States,Louisiana,Baton Rouge
1465,Montréal Sword Meisters 2019,May 19,2019,Canada,Québec,Montréal
1487,ÖFHF Austrian Championships 2019,May 19,2019,Austria,-,Bad Vöslau
1505,Victoria Highland Games Open 2019,May 18,2019,Canada,British Columbia,Victoria
1543,It's Just A Flesh Wound 2019,May 18,2019,Canada,Manitoba,Winnipeg
1464,HEMAICS Dolomiti,May 18,2019,Italy,-,Feltre
1469,Spring Ural Cup,May 18,2019,Russia,-,Ekaterinburg
1463,HEMA Open Leioa 2019,May 18,2019,Spain,-,Bilbao
1471,Trofeo CSEN Scherma Storica Memorial Mario Pappagallo,May 12,2019,Italy,-,Rome
1470,Symphony of Steel 2019,May 11,2019,Germany,Baden-Württemberg,Ulm
1459,MCR v HEMA Jihlava 2019,May 11,2019,Czech Republic,-,Jihlava
1460,OstFecht 2019,May 11,2019,Slovakia,-,Michalovce
1466,NHFL Championships 2019,May 11,2019,Sweden,-,Örebro
1467,Renaissance Festival of Nebraska Invitational,May 11,2019,United States,Nebraska,Omaha
1468,III Torneo de Esgrima Historica de Pontevedra,May 4,2019,Spain,Galicia,Pontevedra
1462,Clash of the Towers 2019,May 4,2019,Ireland,-,Dublin
1456,Frühlingsfechten 2019,April 28,2019,Germany,-,Dortmund
1473,April Fools 2019,April 27,2019,Italy,-,Torino
1454,Big Moscow Tournament 2019,April 27,2019,Russia,-,Moscow
1458,IFG Spring Fling 2019,April 27,2019,United States,Oregon,Portland
1438,Clash of Claymores 19,April 26,2019,United States,Pennsylvania,Shippensburg
1440,Icebreaker Open 2019,April 26,2019,United States,Minnesota,Minneapolis
1444,Torneio Paranaense de Espada Longa,April 20,2019,Brazil,Paraná,Curitiba
1457,Festival of the Sword '19,April 19,2019,Australia,Victoria,Melbourne
1441,La Voute de Fer,April 14,2019,France,-,Paris
1443,Swordtrip - The Gathering 2019,April 13,2019,Germany,Bavaria,Munich
1453,Norppa Open 2019,April 13,2019,Finland,-,Helsinki
1434,HEMAtom 2019,April 13,2019,Croatia,-,Zagreb
1445,Scherma Medievale nella Città Ideale 2019,April 13,2019,Italy,-,Urbino
1455,Nederlandse HEMA Kampioenschappen 2019: Evenement 2,April 13,2019,Netherlands,Zuid-Holland,Oegstgeest
1446,IX Budapest MHS Kardvívó torna,April 13,2019,Hungary,-,Budapest
1442,Showdown in No-Town 2019,April 13,2019,United States,Texas,Seguin
1439,Hematolia 2019,April 13,2019,Turkey,-,Istanbul
1437,By the Sword 2019,March 30,2019,United Kingdom,-,Godalming
1447,Open Golden Forests Tournament Spring 2019,March 30,2019,Russia,-,Moscow
1429,Blademasters Cup 2019,March 30,2019,Ireland,-,Cork
1431,Longpoint 2019,March 28,2019,United States,Maryland,Baltimore
1433,Prima Spada HEMA Rapier Tournament 2019,March 24,2019,Australia,Queensland,Brisbane
1432,Montpellier HEMA Tournament 10,March 23,2019,France,-,Montpellier
1430,Battles In The North 2019,March 10,2019,Greece,-,Thessaloniki
1421,Žilinský Kumšt II,March 9,2019,Slovakia,-,Žilina
1423,Vasaslaget 2019,March 9,2019,Sweden,-,Uppsala
1448,Swords & Roses,March 8,2019,Russia,-,Novosibirsk
1491,Sense and Sensibility with Smallswords,March 3,2019,Sweden,-,Örebro
1422,Arnold HEMA Classic 2019,March 3,2019,United States,Ohio,Columbus
1428,Dürer Turnier 2019,March 2,2019,Germany,Bavaria,Nürnberg
1427,AIMA ROMA 2019,March 2,2019,Italy,-,Roma
1420,Durchschlag 2019,March 2,2019,Poland,-,Lodz
1426,Alfieri Open 2019,February 17,2019,Australia,Victoria,Melbourne
1425,Mutinænsis II,February 16,2019,Italy,-,Modena
1451,Everything Else Event 2019,February 16,2019,United States,Maryland,Columbia
1410,Exeter Longsword Competition 2019,February 16,2019,United Kingdom,-,Exeter
1408,English Sidesword Open 2019,February 16,2019,United Kingdom,-,Oxford
1416,SoCal Swordfight 2019,February 15,2019,United States,California,Huntington Beach
1414,VIII Torneo Cidade de Naron,February 9,2019,Spain,Galicia,Narón
1411,Trenciansky Vorschlag Vol.3,February 9,2019,Slovakia,-,Trencin
1450,Blade Master 2019,February 1,2019,Russia,-,Chelyabinsk
1412,Capitol Clash: Washington DC HEMA Open 2019,February 1,2019,United States,DC,Washington
1452,Midwinter Armizare Open 2019,January 26,2019,United States,Illinois,Chicago
1486,Hema Ianua 2019,January 26,2019,Italy,-,Genova
1403,Nederlandse HEMA Kampioenschappen 2019: Evenement 1,January 26,2019,Netherlands,-,Oegstgeest
1405,WEIRD Open 2019,January 25,2019,United States,Texas,Austin
1404,Queen's Gambit 2019,January 18,2019,United States,North Carolina,Concord
1401,Helsinki Longsword Open 2019,January 18,2019,Finland,-,Helsinki
1395,EHMS Open Doors Tournament 2018,December 15,2018,Finland,-,Helsinki
1398,Brisia 2018 - Test Gatering for Minsk 2019,December 15,2018,Italy,-,Brescia
1413,Mid Continental Hema Open - Beta #1,December 15,2018,United States,Colorado,Denver
1385,Glasgow HEMA Open 2018,December 8,2018,United Kingdom,-,Glasgow
1400,FechtTerra 2018,December 8,2018,Russia,-,Saint Petersburg
1388,Polish Championships 2018,December 8,2018,Poland,-,Wroclaw
1380,HVN Singlestick Charity Tournament 2018,December 1,2018,Netherlands,-,Oegstgeest
1379,Pardubický mec 2018,December 1,2018,Czech Republic,-,Pardubice
1402,Tasmanian Swordplay Symposium 2018,December 1,2018,Australia,Tasmania,Hobart
1390,Winter Golden Forests Championship 2018,December 1,2018,Russia,-,Moscow
1396,Swordplay Serbia 2018,November 30,2018,Serbia,-,Belgrade
1386,IFHEMA Cup 2018,November 30,2018,Portugal,-,Lisbon
1383,November Fechtschule 2018,November 25,2018,Australia,Victoria,Canterbury
1389,Winter Open Duel Fencing Championship of the Ural Federal District,November 24,2018,Russia,-,Chelyabinsk
1375,Wessex League 2018: Winchester Chapter,November 24,2018,United Kingdom,-,Winchester
1381,Blue Box Longsword Open 2018,November 22,2018,United States,Ohio,Columbus
1373,Niederösterreichische Landesmeisterschaft NÖLM18,November 18,2018,Austria,Lower Austria,St. Pölten
1364,1º Torneio de Esgrima Histórica de Valinhos 2018,November 17,2018,Brazil,-,Valinhos
1371,The 400 Years Tournament,November 17,2018,Australia,Victoria,Melbourne
1387,The Might 2018,November 17,2018,France,-,Istres
1399,LangHEMA 2018,November 17,2018,Italy,-,Alba
1372,Torneo ARA 2018,November 17,2018,Italy,-,Rome
1377,Galway Longsword Open 2018,November 17,2018,Ireland,-,Galway
1363,VIII Budapest MHS Kardvívó torna,November 17,2018,Hungary,-,Budapest
1370,Long Island Point 2018,November 16,2018,United States,New York,Uniondale
1360,Digladior HEMA tournaj 2018,November 10,2018,Czech Republic,-,Prague
1376,SERFO 2018,November 9,2018,United States,Georgia,Atlanta
1449,Go Fencing Day 2018,November 4,2018,Russia,-,Ekaterinburg
1359,Primer Torneo de Esgrima Historica de Santurtzi,November 4,2018,Spain,-,Santurtzi
1356,Swordfish 2018,November 2,2018,Sweden,-,Gothenburg
1357,Tempest 2018,November 2,2018,Ireland,-,Feakle
1362,Swiss Gathering 2018,October 27,2018,Switzerland,-,Urtenen-Schönbühl
1351,Tyrnhaw 2018,October 27,2018,Slovakia,-,Trnava
1374,Arizona HEMA League 2018 Event 3,October 27,2018,United States,Arizona,Phoenix
1354,Wessex League 2018: Cardiff Chapter,October 27,2018,United Kingdom,-,Cardiff
1490,Ascent Saber Tournament 2018,October 24,2018,Russia,-,Saint Petersburg
1361,Falcons Cup 2018,October 21,2018,Poland,-,Poznan
1369,Johann Georg Pascha Turnier 2018,October 21,2018,Germany,-,Leipzig
1350,Prima Spada HEMA Sabre Tournament,October 21,2018,Australia,Queensland,Brisbane
1352,Salzburger Landesmeisterschaft 2018,October 20,2018,Austria,Salzburg,Salzburg
1349,Heffac 2018,October 20,2018,Belgium,-,Antwerp
1409,Pfälzer Fehde 2018,October 20,2018,Germany,Rheinland-Pfalz,Neustadt an der Weinstraße
1378,5. offenes Fechtturnier in Kassel,October 17,2018,Germany,-,Kassel
1394,Autumn Ural Cup 2018,October 13,2018,Russia,-,Ekaterinburg
1347,Lone Star Open 2018,October 13,2018,United States,Texas,Houston
1353,Steel City Open 2018,October 12,2018,United States,Pennsylvania,Pittsburgh
1355,2º Torneo Vila de Redondela 2018,October 6,2018,Spain,Galicia,Redondela
1424,Krump Pow 2018,October 5,2018,United States,Wisconsin,Appleton
1365,TaurHEMAchia VI Edition,October 5,2018,Italy,-,Turin
1348,W3 2018,September 29,2018,Poland,-,Warsaw
1341,8. Dresdner Fechtschul,September 29,2018,Germany,Saxony,Dresden
1340,Wessex League 2018: Taunton Chapter,September 29,2018,United Kingdom,-,Taunton
1345,Iron Gate Exhibition 2018,September 28,2018,United States,Massachusetts,Boston
1342,Sword & Buckler Open 2018,September 23,2018,Australia,Victoria,Melbourne
1337,Duels at High Noon 2018,September 22,2018,United States,Arizona,Tucson
1338,Five Rings Fencing Annual KC Sword Tournament 2018,September 22,2018,United States,Kansas,Olathe
1335,Edgebana 2018,September 22,2018,United Kingdom,-,Dundee
1334,Mid Atlantic Rookie Tournament: Fighty McFightface,September 15,2018,United States,Pennsylvania,Kutztown
1418,Geselle Fechten 2018,September 15,2018,United States,Oklahoma,Oklahoma City
1344,Nordschlag 2018,September 15,2018,Canada,Alberta,Edmonton
1328,Tremonia Fechtschule 2018,September 9,2018,Germany,-,Dortmund
1358,The Battle of Buffalo 2018,September 8,2018,United States,Missouri,Buffalo
1327,Wessex League 2018: London Chapter,September 8,2018,United Kingdom,-,London
1323,Battle of the Bridge 2018,September 7,2018,Sweden,-,Örebro
1346,Swordplay Australia 2018,September 6,2018,Australia,Queensland,Brisbane
1333,The Horned Crown 2018,September 1,2018,Ireland,-,Wexford
1325,Clash of Claymores,September 1,2018,United States,Pennsylvania,Carlisle
1320,Dutch Lions Cup 2018,August 25,2018,Netherlands,-,Utrecht
1313,1st HERA Event,August 25,2018,Australia,South Australia,Adelaide
1435,NeCro 2018,August 25,2018,Croatia,-,Zagreb
1314,FightCamp 2018,August 15,2018,United Kingdom,-,Coventry
1332,Helsinki Bolognese Open 2018,August 10,2018,Finland,-,Helsinki
1322,II. Bicornio HEMA Gathering,August 10,2018,Hungary,-,Debrecen
1317,Points North 2018,August 4,2018,Canada,Ontario,Ottawa
1324,Combat Con 2018,August 2,2018,United States,Nevada,Las Vegas
1315,Cornhusker State Games 2018,July 28,2018,United States,Nebraska,Omaha
1312,Sword Fight IV,July 28,2018,Australia,Queensland,Gold Coast
1319,Dutch Lions Cub #2 2018,July 28,2018,Netherlands,-,Nieuwegein
1310,QuadroHEMiA 5,July 22,2018,United Kingdom,-,Lincoln
1321,Clash of the Towers,July 14,2018,Ireland,-,Dublin
1384,Festival of the Sword '18,July 13,2018,Australia,Victoria,Doncaster
1304,Albion Cup 2018,July 7,2018,United Kingdom,-,Dorking
1326,Lord Baltimore's Challenge,July 7,2018,United States,Maryland,Baltimore
1302,Swedish Championships 2018,July 6,2018,Sweden,-,Stockholm
1336,II Torneo del Hierro,June 30,2018,Spain,Cantabria,Santander
1305,Wrathpoint 2018,June 30,2018,United States,West Virginia,Shepherdstown
1306,Treffen Historischer Fechter Deutschlands 2018,June 30,2018,Germany,-,Nordhausen
1294,Paris HEMA Open 2018,June 23,2018,France,-,Paris
1295,La Curée de Mélusine II,June 23,2018,France,-,Poitiers
1299,Black Horns Cup 2018,June 23,2018,Poland,-,Poznan
1307,All's Faire HEMA Tournament,June 23,2018,United States,Washington,Olympia
1343,Fecht Yeah 2018,June 20,2018,United States,New York,New York
1316,Villeneuve Hema Tournament 2018,June 18,2018,France,-,Villeneuve-Loubet
1382,"I Torneo Master ""Memorial Achille Marozzo"" 2018",June 17,2018,Italy,-,Firenze
1303,Boar's Tooth 2018,June 16,2018,United States,Massachusetts,Boston
1297,Torneo 100Tolos HEMA,June 16,2018,Spain,Galicia,Coruña
1309,World Broadsword Championship 2018,June 11,2018,Australia,New South Wales,Sydney
1285,Arizona HEMA League 2018 Event 2,June 10,2018,United States,Arizona,Tucson
1417,Baton Rouge Open 2018,June 9,2018,United States,Louisana,Baton Rouge
1288,MUTINÆNIS - Torneo Nazionale delle Discipline HEMA,June 9,2018,Italy,-,Modena
1286,HEMAC Hemathlon 2018,June 8,2018,Greece,-,Athens
1284,Sidesword Open 2018,June 3,2018,Australia,Victoria,Preston
1318,Dutch Lions Cub #1 2018,June 3,2018,Netherlands,-,Nieuwegein
1282,Oslo Penguin Cup 2018,June 2,2018,Norway,-,Oslo
1296,OPEN AMHE Toulouse 4,June 2,2018,France,-,Toulouse
1283,Žilinský Kumšt I.,June 2,2018,Slovakia,-,Žilina
1281,ÖFHF Austrian Championships 2018,May 26,2018,Austria,Styria,Graz
1614,Anvil 2018,May 26,2018,Canada,Alberta,Calgary
1300,Trofeo ARA 2018,May 26,2018,Italy,-,Rome
1298,The May Melee 2018,May 25,2018,United Kingdom,-,Newnham
1329,Level One Dueling Sabre and Longsword 2018,May 19,2018,Russia,-,Saint Petersburg
1277,Victoria Highland Games Open 2018,May 19,2018,Canada,British Columbia,Victoria
1278,Montréal Sword Meisters 2018,May 18,2018,Canada,Québec,Montréal
1280,Athens HEMA Open 2018,May 13,2018,Greece,-,Athens
1276,Torneo Pontevedra,May 12,2018,Spain,Galicia,Pontevedra
1272,Capoferro Open 2018,May 6,2018,Australia,Victoria,Melbourne
1274,Fior di Szatmár 2018,May 3,2018,Romania,-,Ardud
1393,Big Moscow Tournament,April 29,2018,Russia,-,Moscow
1339,Icebreaker Open 2018,April 28,2018,United States,Minnesota,Minneapolis
1269,Scherma Medievale nella Città Ideale 2018,April 28,2018,Italy,-,Urbino
1271,Blademasters Cup 2018,April 28,2018,Ireland,Cork,Cork
1275,Frühlingsfechten 2018,April 28,2018,Germany,-,Dortmund
1270,Study in Steel 2018,April 27,2018,United States,South Carolina,Greenville
1268,Broken Point 2018,April 21,2018,United States,Pennsylvania,Pittsburgh
1263,Bratislavský Fecht 4,April 14,2018,Slovakia,-,Bratislava
1279,Torneo Abierto 2018,April 14,2018,Chile,-,Santiago
1264,Swordtrip - the Gathering 2018,April 13,2018,Germany,Bavaria,Munich
1260,1º Torneio Sul-brasileiro de Artes Marciais Históricas Europeias,April 8,2018,Brazil,Parana,Curitiba
1259,Fiore Open 2018,April 8,2018,Australia,Victoria,Melbourne
1257,Purpleheart Open 2018,April 8,2018,United States,Texas,Houston
1397,Spring Open Duel Fencing Championship of the Ural Federal District 2018,April 7,2018,Russia,-,Chelyabinsk
1391,Spring Golden Forests Championship 2018,March 31,2018,Russia,-,Moscow
1273,Montpellier Hema Tournament 2018,March 31,2018,France,-,Montpellier
1262,Schwertkampf 2018,March 29,2018,Mexico,México,Atizapan de Zaragoza
1249,Prima Spada HEMA Rapier Tournament,March 25,2018,Australia,Queensland,Brisbane
1246,Arizona HEMA League 2018 Event 1,March 24,2018,United States,Arizona,Phoenix
1248,FlowerPoint 2018,March 23,2018,United States,Pennsylvania,Kutztown
1244,Vasaslaget 2018,March 18,2018,Sweden,-,Uppsala
1243,VII. Budapesti MHS párnázott kard és feder torna,March 11,2018,Hungary,-,Budapest
1245,Axel Pettersson Challenge Tournament 2018,March 10,2018,Australia,South Australia,Adelaide
1265,AIMA Roma 2018,March 9,2018,Italy,-,Rome
1240,Durchschlag 2018,March 3,2018,Poland,-,Lódz
1261,Arnold Fencing Classic 2018,March 2,2018,United States,Ohio,Columbus
1239,English Sidesword Open 2018,February 24,2018,United Kingdom,-,Godalming
1237,VXT 2018 - Clermont-Ferrand,February 24,2018,France,-,Clermont-Ferrand
1230,QuadroHEMiA 4.5,February 18,2018,United Kingdom,-,Lincoln
1233,Ram Point 2018,February 17,2018,United States,Virginia,Richmond
1231,Trenciansky Vorschlag 2018,February 17,2018,Slovakia,-,Trencín
1232,SoCal Swordfight 2018,February 16,2018,United States,California,Huntington Beach
1238,Féile na Gaiscígh 2018,February 16,2018,Ireland,-,Dublin
1436,HEMAtom 2018,February 14,2018,Croatia,-,Zagreb
1308,Hema Ianua 2018,February 11,2018,Italy,-,Genova
1253,CAMO VI,February 10,2018,Chile,-,Santiago
1241,Queen's Gambit 2018,February 9,2018,United States,North Carolina,Charlotte
1251,Encuentro de Artes Marciales Europeas 2018,February 3,2018,Mexico,-,Toluca
1256,Blade Master 2018,February 1,2018,Russia,-,Chelyabinsk
1415,Silicon Valley Sword Fight 2018,January 27,2018,United States,California,Santa Clara
1226,Australia Day Tournament 2018,January 26,2018,Australia,South Australia,Adelaide
1225,VII Torneo de Naron 2018,January 20,2018,Spain,Galicia,Naron
1224,Helsinki Longsword Open 2018,January 19,2018,Finland,-,Helsinki
1223,The Quickening 2018,January 13,2018,Ireland,Co Clare,Feakle
1227,DC HEMA Open 2018,January 12,2018,United States,DC,Washington
1228,Clash of Steel 2018,January 7,2018,Taiwan,-,New Taipei City
1204,WinterFecht 2017,December 16,2017,Slovakia,-,Bratislava
1210,Swordplay Serbia 2017,December 16,2017,Serbia,-,Belgrade
1211,Brisia 2017 - HEMA Pro Challenge,December 16,2017,Italy,Brescia,Brescia
1203,The IHA Christmas Cup,December 15,2017,United Kingdom,-,Dundee
1198,HVN Singlestick Charity Tournament 2017,December 10,2017,Netherlands,-,Oestgeest
1200,Wessex League: London Chapter 2017,December 9,2017,United Kingdom,-,London
1199,Falcons Cup 2017,December 8,2017,Poland,-,Oborniki
1196,Pardubický-mec 2017,December 2,2017,Czech Republic,-,Pardubice
1201,Tasmanian Swordplay Symposium 2017,December 2,2017,Australia,Tasmania,Hobart
1197,Long Island Point 2017,December 1,2017,United States,New York,New York
1194,Wessex League: Bath Chapter 2017,November 25,2017,United Kingdom,-,Bath
1191,Helsinki Bolognese Open 2017,November 25,2017,Finland,-,Helsinki
1188,"Niederösterreichische Landesmeisterschaft ""Langes Schwert"" 2017",November 19,2017,Austria,Niederösterreich,Bad Vöslau
1192,I Torneo Vila de Redondela 2017,November 19,2017,Spain,Galicia,Pontevedra
1187,Broadwater Bucklerthon 2017,November 18,2017,United Kingdom,-,Godalming
1406,Blue Box Longsword Open 2017,November 18,2017,United States,Ohio,Columbus
1193,Ligowy Turniej Szabli i Rapiera 2017,November 18,2017,Poland,-,Wieliczka
1368,Johann Georg Pascha Turnier 2017,November 12,2017,Germany,-,Leipzig
183,HEMA tournament Prague,November 11,2017,Czech Republic,-,Prague
184,Rose City Classic: 2017,November 11,2017,United States,Oregon,Oak Grove
1183,Duels at High Noon 2017,November 11,2017,United States,Arizona,Tucson
1185,SERFO 2017,November 10,2017,United States,Georgia,Atlanta
182,Tempest Longsword Open Tournament 2017,November 5,2017,Ireland,-,Feakle
178,4. offenes Fechtturnier in Kassel,November 4,2017,Germany,-,Kassel
176,Swordfish 2017,November 3,2017,Sweden,-,Gothenburg
173,Wessex League: Reading Chapter 2017,October 28,2017,United Kingdom,-,Reading
1189,Salzburger Landesmeisterschaft 2017,October 28,2017,Austria,Salzburg,Salzburg
1612,Anvil 2017,October 28,2017,Canada,Alberta,Calgary
1184,War in the West 2017,October 28,2017,Australia,Western Australia,Perth
174,Longpoint South 2017,October 27,2017,United States,Florida,Orlando
1331,Ascent Sabre Tournament 2017,October 25,2017,Russia,-,Saint Petersburg
172,QuadroHEMiA 4,October 22,2017,United Kingdom,-,Lincoln
171,Tyrnhaw 2017,October 21,2017,Slovakia,-,Trnava
1254,FechtsChile 2017,October 15,2017,Chile,-,Santiago
1195,Galway Longsword Open - 26 Commandments 2017,October 14,2017,Ireland,-,Galway
169,HEFFAC 2017,October 14,2017,Netherlands,-,Oegstgeest
170,Optimus Bucharest HEMA Open Longsword Tournament 2017,October 13,2017,Romania,-,Mogosoaia
1258,1º Torneio Regional de Esgrima Histórica Riversouth,October 8,2017,Brazil,Parana,Curitiba
168,Edgebana 2017,October 7,2017,United Kingdom,-,Dundee
1206,W3 2017,October 1,2017,Poland,-,Warsaw
1208,TaurHEMAchia 2017,September 29,2017,Italy,-,Turin
177,Iron Gate Exhibition 2017,September 29,2017,United States,Massachusetts,Danvers
166,World Broadsword Championship 2017,September 24,2017,Australia,New South Wales,Sydney
179,Torneo di bara 2017,September 23,2017,Austria,Vienna,Vienna
175,Sandstorm 2017,September 23,2017,United States,Arizona,Phoenix
163,Swiss Gathering 2017,September 23,2017,Switzerland,-,Schönbühl
160,Wessex League: Bristol Chapter 2017,September 16,2017,United Kingdom,-,Bristol
161,PGF Salut birthday tournament 2017,September 16,2017,Poland,-,Poznan
162,Swordplay Australia 2017,September 9,2017,Australia,Queensland,Brisbane
1267,Krump Pow 2017,September 9,2017,United States,Wisconsin,Appleton
159,Battle of the Bridge 2017,September 8,2017,Sweden,-,Örebro
158,Dutch Lions Cup 2017,August 25,2017,Netherlands,-,Utrecht
155,Belfast Bladeworks 2017,August 19,2017,United Kingdom,-,Belfast
1242,VI Budapest MHS nylon és feder Kardvívó torna,August 12,2017,Hungary,-,Budapest
164,FightCamp 2017,August 11,2017,United Kingdom,-,Coventry
152,Combat Con 2017,August 10,2017,United States,Nevada,Las Vegas
151,Simply Synthetic,August 5,2017,Ireland,-,Feakle
157,Dutch Lions Cub #2 2017,July 29,2017,Netherlands,-,Nieuwegein
149,Sword Fight III,July 29,2017,Australia,Queensland,Burleigh Heads
150,Fairfax Mini Renaissance Faire 2017,July 29,2017,United States,Vermont,Fairfax
148,Astolat HEMA Open 2017,July 22,2017,United Kingdom,-,Guildford
153,400 Years Tournament,July 15,2017,Australia,Victoria,Melbourne
144,Longpoint 2017,July 6,2017,United States,Maryland,Baltimore
139,Swedish Championships (finals) 2017,July 1,2017,Sweden,-,Borås
146,Féile na Gaiscígh 2017,June 30,2017,Ireland,-,Dublin
138,International Lowlands HEMA Gathering 2017,June 24,2017,Netherlands,-,Amsterdam
136,Red Dragon Tourney 2017,June 24,2017,United Kingdom,-,Conwy
156,Villeneuve Hema Tournament 2017,June 17,2017,France,-,Villeneuve-Loubet
1209,Fecht Yeah 2017,June 17,2017,United States,New York,New York
142,HEMAC HEMAthlon 2017,June 9,2017,Greece,-,Athens
129,Sweden Open 2017,June 9,2017,Sweden,-,Kristinehamn
127,Fechtschule New York 2017,June 2,2017,United States,New York,Margaretville
128,The May Melee 2017,May 28,2017,United Kingdom,-,Newnham
125,Paris HEMA Open 2017,May 27,2017,France,-,Paris
130,EHMS salikisa 2017,May 27,2017,Finland,-,Helsinki
1190,Österreichische Meisterschaft 2017,May 21,2017,Austria,Salzburg,Salzburg
122,Norway Open 2017,May 20,2017,Norway,-,Oslo
133,Michigan Medieval Combat Association 10 Year Anniversary Tournament,May 14,2017,United States,Michigan,Livonia
140,Icebreaker Open 2017,May 13,2017,United States,Minnesota,Minneapolis
147,Rocky Mountain Krieg 2017,May 13,2017,United States,Colorado,Denver
120,Jihlavský HEMA turnaj 2017,May 13,2017,Czech Republic,-,Jihlava
121,Fior Di Szatmár 2017,May 6,2017,Romania,-,Satu Mare
131,HEMAY 2017,April 30,2017,Hungary,-,Gyor
112,Blademasters Cup 2017,April 29,2017,Ireland,-,Cork
167,Scherma Medievale nella Città Ideale 2017,April 29,2017,Italy,-,Urbino
114,Study in Steel 2017,April 29,2017,United States,South Carolina,Greenville
126,Frühlingsfechten 2017,April 23,2017,Germany,-,Dortmund
118,Festival of the Sword '17,April 22,2017,Australia,Victoria,Melbourne
1255,Big Moscow Tournament 2017,April 21,2017,Russia,-,Moscow
104,Broken Point 2017,April 17,2017,United States,Pennsylvania,Pittsburgh
109,Open Championship of Ural Federal District 2017,April 8,2017,Russia,-,Chelyabinsk
99,Fecht BA 2017,April 8,2017,Slovakia,-,Bratislava
100,Scania Open 2017,April 8,2017,Sweden,-,Malmö
132,Level One: Military Sabre 2017,April 8,2017,Russia,-,Saint Petersburg
145,North West Tournament 2017,April 7,2017,Italy,-,Cortazzone
98,Savannah Historic Longsword Open 2017,April 1,2017,United States,Georgia,Savannah
115,Montpellier HEMA Tournament 2017,March 25,2017,France,-,Montpellier
108,Duelling Classic 2017,March 24,2017,Russia,-,Moscow
97,Vasaslaget 2017,March 17,2017,Sweden,-,Uppsala
165,Purpleheart Open 2017,March 17,2017,United States,Texas,Houston
95,Queen's Gambit 2017,March 11,2017,United States,North Carolina,Charlotte
107,Cup of Enisey 2017,March 11,2017,Russia,-,Krasnoyarsk
1289,V Budapest MHS nylon és feder Kardvívó torna,March 11,2017,Hungary,-,Budapest
93,Arnold Fencing Classic 2017,March 5,2017,United States,Ohio,Columbus
113,3rd Annual Tosetti Institute HEMA Tournament,March 4,2017,United States,California,Redwood City
94,Flowerpoint 2017,March 4,2017,United States,Pennsylvania,Kutztown
96,AIMA Roma 2017,March 3,2017,Italy,-,Rome
116,Winter En-Guard 2017,February 25,2017,Ireland,-,Feakle
1186,Durchschlag 2017,February 25,2017,Poland,-,Lódz
86,Fecht TN 2017,February 25,2017,Slovakia,-,Trencín
87,Swedish Championships (qualifiers) 2017,February 25,2017,Sweden,-,Gothenburg
106,Blade Master 2017,February 24,2017,Russia,-,Chelyabinsk
102,Winter's End 2017,February 17,2017,United States,Oregon,Newberg
79,SoCal Swordfight 2017,February 17,2017,United States,California,Huntington Beach
1252,CAMO V,February 12,2017,Chile,-,Santiago
85,Encuentro 2017,February 4,2017,Mexico,-,Metepec
92,DEMAS Long Sword Tournament 2017,January 28,2017,United States,California,Santa Clara
101,Midwinter Armizare Open,January 21,2017,United States,Illinois,Chicago
105,Siberian Cup 2017,January 21,2017,Russia,-,Novosibirsk
55,Helsinki Longsword Open 2017,January 20,2017,Finland,-,Helsinki
119,Capitol Clash: Washington DC HEMA Open 2017,January 14,2017,United States,Maryland,National Harbor
1202,3. offene Fechtturnier in Kassel,December 11,2016,Germany,Hessen,Kassel
60,HVN Charity Tournament 2016,December 10,2016,Netherlands,-,Oegstgeest
1205,Falcons Cup 2016,December 8,2016,Poland,-,Oborniki
54,Pardubický mec 2016,December 3,2016,Czech Republic,-,Pardubice
111,Belfast Bladeworks Open Longsword 2016,December 3,2016,United Kingdom,-,Belfast
1367,Johann Georg Pascha Turnier 2016,November 27,2016,Germany,-,Leipzig
143,BFHS Autumn Exchange 2016,November 20,2016,United Kingdom,-,Lincoln
1407,Blue Box Longsword Open 2016,November 19,2016,United States,Ohio,Columbus
53,Helsinki Bolognese Open 2016,November 19,2016,Finland,-,Helsinki
57,LangHEMA 2016,November 19,2016,Italy,-,Alba
117,ISHC Sabre and Longsword open tournament 2016,November 12,2016,Ireland,-,Feakle
64,SERFO 2016,November 11,2016,United States,Georgia,Atlanta
49,Rose City Classic 2016,November 5,2016,United States,Oregon,Portland
48,Swordfish 2016,November 4,2016,Sweden,-,Gothenburg
73,War in the West 2016,October 29,2016,Australia,Western Australia,North Beach
50,Tyrnhaw 2016,October 22,2016,Slovakia,-,Trnava
70,Wrath Point 2016,October 22,2016,United States,West Virginia,Shepherdstown
63,HEFFAC 2016,October 15,2016,Netherlands,-,Groningen
81,Longpoint South 2016,October 13,2016,United States,Florida,Orlando
141,Iron Gate Exhibition 2016,October 7,2016,United States,Massachusetts,Danvers
75,TaurHEMAchia 2016,October 7,2016,Italy,-,Turin
1207,W3 2016,October 2,2016,Poland,-,Warsaw
103,Ascent Saber Tournament 2016,October 1,2016,Russia,-,Saint Petersburg
59,Krump Pow 2016,September 30,2016,United States,Wisconsin,Appleton
67,AHA Glasgow Broadsword Tournament 2016,September 11,2016,United Kingdom,-,Glasgow
80,PNW 2016: Swordsquatch,September 9,2016,United States,Washington,Seattle
42,Swedish Championships 2016,September 2,2016,Sweden,-,Örebro
68,Swordplay Australia 2016,September 1,2016,Australia,Queensland,Samford Valley
52,Dutch Lions Cup 2016,August 27,2016,Netherlands,-,Utrecht
110,Galway HEMA Open 2016,August 20,2016,Ireland,-,Galway
66,Dutch Lions Cub 2 2016,August 14,2016,Netherlands,-,Nieuwegein
41,Edgebana 2016,July 30,2016,United Kingdom,-,Dundee
58,Longpoint 2016,July 21,2016,United States,Maryland,Baltimore
40,Astolat HEMA Open 2016,July 16,2016,United Kingdom,-,Godalming
45,CombatCon 2016,July 7,2016,United States,Nevada,Las Vegas
65,Dutch Lions Cub 1 2016,June 25,2016,Netherlands,-,Nieuwegein
84,Villeneuve HEMA Tournament 2016,June 18,2016,France,-,Nice
124,Paris HEMA Open 2016,June 18,2016,France,-,Paris
37,Sweden Open 2016,June 17,2016,Sweden,-,Kristinehamn
76,Fechtschule New York 2016,June 3,2016,United States,New York,Andes
36,Hemathlon 2016,June 3,2016,Greece,-,Athens
33,Copenhagen Open 2016,May 21,2016,Denmark,-,Copenhagen
44,The Dune Longsword Competition 2016,May 21,2016,United States,Arizona,Phoenix
61,Fecht Yeah 2016,May 14,2016,United States,New York,Staten Island
34,EHMS salikisa 2016,May 7,2016,Finland,-,Helsinki
30,Study in Steel 2016,April 30,2016,United States,South Carolina,Fountain Inn
71,Big Moscow Tournament 2016,April 23,2016,Russia,-,Moscow
56,Rocky Mountain Krieg,April 22,2016,United States,Colorado,Denver
31,Icebreaker 2016,April 16,2016,United States,Minnesota,Minneapolis
51,Fecht BA 2016,April 16,2016,Slovakia,-,Bratislava
11,Norway Open 2016,April 8,2016,Norway,-,Oslo
137,BFHS Spring Exchange 2016,March 27,2016,United Kingdom,-,York
10,Purpleheart Armory Open 2016,March 18,2016,United States,Texas,Houston
135,Montpellier HEMA Tournament 2016,March 12,2016,France,-,Montpellier
1236,AIMA 2016,March 4,2016,Italy,-,Rome
5,Vasaslaget 2016,February 26,2016,Sweden,-,Uppsala
22,Broken Point 2016,February 6,2016,United States,Pennsylvania,Pittsburgh
1,Helsinki Longsword Open 2016,January 23,2016,Finland,-,Helsinki
23,DC HEMA Open 2016,January 15,2016,United States,DC,"Washington, D.C."
90,Pardubický mec 2015,December 5,2015,Czech Republic,-,Pardubice
1234,CSEN 2015,November 29,2015,Italy,-,Rome
17,Helsinki Bolognese Open 2015,November 21,2015,Finland,-,Helsinki
32,TaurHEMAchia 2015,November 9,2015,Italy,-,Turin
28,SoCal Swordfight 2015,November 6,2015,United States,California,Torrance
2,Swordfish 2015,October 30,2015,Sweden,-,Gothenburg
1366,Johann Georg Pascha Turnier 2015,October 29,2015,Germany,-,Leipzig
89,Tyrnhaw 2015,October 19,2015,Slovakia,-,Trnava
69,HEFFAC 2015,October 10,2015,Netherlands,-,Tilburg
29,IGX 2015,October 2,2015,United States,Massachusets,Danvers
38,Ascent Saber Tournament 2015,September 20,2015,Russia,-,Saint Petersburg
3,Jyväskylän Pitkämiekka 2015,September 12,2015,Finland,-,Jyväskylä
82,International Lowlands HEMA Gathering 2015,September 5,2015,Netherlands,-,Amsterdam
26,PNW HEMA Gathering 2015,August 21,2015,United States,Washington,Coupeville
9,Longpoint 2015,July 24,2015,United States,Maryland,Baltimore
27,CombatCon 2015,June 25,2015,United States,Nevada,Las Vegas
123,Paris HEMA Open 2015,June 6,2015,France,-,Paris
180,Örebro Open 2015,May 29,2015,Sweden,-,Kristinehamn
88,Fecht BA 2015,April 18,2015,Slovakia,-,Bratislava
6,Copenhagen Open 2015,April 18,2015,Denmark,-,Copenhagen
1290,III Budapest MHS nylon és feder Kardvívó torna,March 7,2015,Hungary,-,Budapest
14,Vasaslaget 2015,March 6,2015,Sweden,-,Uppsala
7,Helsinki Longsword Open 2015,January 31,2015,Finland,-,Helsinki
83,Pardubický mec 2014,December 6,2014,Czech Republic,-,Pardubice
1613,Anvil 2014,November 27,2014,Canada,Alberta,Calgary
1293,I. Bihartordai Kardvívó Torna,November 15,2014,Hungary,-,Bihartorda
12,Swordfish 2014,October 31,2014,Sweden,-,Gothenburg
16,IGX 2014,September 26,2014,United States,Massachusets,Danvers
78,International Lowlands HEMA Gathering 2014,September 6,2014,Netherlands,-,Amsterdam
8,Bergen Open 2014,August 8,2014,Norway,-,Bergen
24,PNW HEMA Gathering 2014,August 8,2014,United States,Washington,Tacoma
21,Longpoint 2014,July 17,2014,United States,Maryland,Baltimore
154,Copenhagen Open Longsword 2014,May 31,2014,Denmark,-,Copenhagen
72,Fechtschule New York 2014,May 30,2014,United States,New York,Andes
1235,UISP 2014,May 24,2014,Italy,-,Rome
1291,II. Budapesti Kardvívó Torna,May 24,2014,Hungary,-,Budapest
181,Örebro Open 2014,April 11,2014,Sweden,-,Kristinehamn
62,Shortpoint 2014,February 22,2014,United States,Maryland,Elkridge
1292,I. Budapesti Kardvívó Torna,February 22,2014,Hungary,-,Budapest
13,Helsinki Longsword Open 2014,January 18,2014,Finland,-,Helsinki
47,Swordfish 2013,October 31,2013,Sweden,-,Gothenburg
77,International Lowlands HEMA Gathering 2013,September 7,2013,Netherlands,-,Amsterdam
25,PNW HEMA Gathering 2013,August 23,2013,United States,Washington,Seattle
15,Bergen Open 2013,August 16,2013,Norway,-,Bergen
20,Longpoint 2013,July 12,2013,United States,Maryland,Baltimore
18,Örebro Öppna Långsvärdsturnering 2013,April 26,2013,Sweden,-,Karlskoga
46,Swordfish 2012,November 2,2012,Sweden,-,Gothenburg
74,World Wide Open Longsword Championship 2012,August 4,2012,Germany,-,Hülsede
19,Longpoint 2012,June 14,2012,United States,Maryland,Baltimore
1311,SKUNKS 2012,May 20,2012,Poland,-,Rybnik
43,Swordfish 2011,November 4,2011,Sweden,-,Gothenburg
